-- TAPU Sample Data.sql
-- Date: 12/21/2012
-- Authors: Peter DiSalvo
-- Sample data generated from http://www.generatedata.com/

-- 
-- Sample Data Input
-- ------------------------------

--
-- Table: Tapu.Account
--
-- Male Player Accounts
INSERT INTO tapu.account (AccountNumber,FirstName,LastName,EmailAddress,PasswordHash,AccountTypeID) VALUES (1,'Connor','Ortiz','x@yahoo.com','808a1f044c827043f99717bd2eb3e77d02fb6b64d97823075f4fea7db05d216e9f24eea6c2fbc5621fc44e5fec653e7daf42bf6f1a89bbc748ef570abee78995','P');
INSERT INTO tapu.account (AccountNumber,FirstName,LastName,EmailAddress,PasswordHash,AccountTypeID) VALUES (2,'Devin','Lowery','in.magna@lacusvarius.com','JVN39EOP3SK','P');
INSERT INTO tapu.account (AccountNumber,FirstName,LastName,EmailAddress,PasswordHash,AccountTypeID) VALUES (3,'Zachary','Madden','ut.cursus@aliquamadipiscing.com','MXO69LZM9KC','P');
INSERT INTO tapu.account (AccountNumber,FirstName,LastName,EmailAddress,PasswordHash,AccountTypeID) VALUES (4,'Tarik','Smith','semper.pretium@ami.org','OJF90PYQ9CA','P');
INSERT INTO tapu.account (AccountNumber,FirstName,LastName,EmailAddress,PasswordHash,AccountTypeID) VALUES (5,'Yardley','Klein','y@klein.com','808a1f044c827043f99717bd2eb3e77d02fb6b64d97823075f4fea7db05d216e9f24eea6c2fbc5621fc44e5fec653e7daf42bf6f1a89bbc748ef570abee78995','P');
INSERT INTO tapu.account (AccountNumber,FirstName,LastName,EmailAddress,PasswordHash,AccountTypeID) VALUES (6,'Leonard','Patrick','auctor.velit@euarcuMorbi.edu','NGS43TMV2IX','P');
INSERT INTO tapu.account (AccountNumber,FirstName,LastName,EmailAddress,PasswordHash,AccountTypeID) VALUES (7,'Hamilton','Burns','in.hendrerit@vulputatenisi.edu','THO53IEC6EA','P');
INSERT INTO tapu.account (AccountNumber,FirstName,LastName,EmailAddress,PasswordHash,AccountTypeID) VALUES (8,'Zeus','Duncan','cubilia.Curae;@aliquamadipiscinglacus.org','SMJ98HKY6ZH','P');
INSERT INTO tapu.account (AccountNumber,FirstName,LastName,EmailAddress,PasswordHash,AccountTypeID) VALUES (9,'Keith','Buchanan','eros@suscipitest.com','AUI79JSF8YF','P');
INSERT INTO tapu.account (AccountNumber,FirstName,LastName,EmailAddress,PasswordHash,AccountTypeID) VALUES (10,'Tate','Juarez','quam.a.felis@nullaIntegervulputate.edu','DGC72KJJ4GA','P');
INSERT INTO tapu.account (AccountNumber,FirstName,LastName,EmailAddress,PasswordHash,AccountTypeID) VALUES (11,'Akeem','Kelly','imperdiet@acnullaIn.ca','FKZ03EZV0IS','P');
INSERT INTO tapu.account (AccountNumber,FirstName,LastName,EmailAddress,PasswordHash,AccountTypeID) VALUES (12,'William','Kane','orci.luctus.et@egettincidunt.com','ZZV32VKS8FO','P');
INSERT INTO tapu.account (AccountNumber,FirstName,LastName,EmailAddress,PasswordHash,AccountTypeID) VALUES (13,'Kasper','William','dolor.Fusce.feugiat@iaculislacuspede.com','CUE11WEQ7KE','P');
INSERT INTO tapu.account (AccountNumber,FirstName,LastName,EmailAddress,PasswordHash,AccountTypeID) VALUES (14,'Elvis','Snyder','natoque@iaculisneceleifend.org','NYH31WXD6XC','P');
INSERT INTO tapu.account (AccountNumber,FirstName,LastName,EmailAddress,PasswordHash,AccountTypeID) VALUES (15,'Howard','Dickerson','quam@Proinvelit.com','IOA09FIU3RM','P');
INSERT INTO tapu.account (AccountNumber,FirstName,LastName,EmailAddress,PasswordHash,AccountTypeID) VALUES (16,'Timon','Delgado','Nullam.scelerisque.neque@nasceturridiculus.edu','KGE01GMJ4TU','P');
INSERT INTO tapu.account (AccountNumber,FirstName,LastName,EmailAddress,PasswordHash,AccountTypeID) VALUES (17,'Seth','Case','sem@Donec.com','JME71QQJ6NX','P');
INSERT INTO tapu.account (AccountNumber,FirstName,LastName,EmailAddress,PasswordHash,AccountTypeID) VALUES (18,'Wade','Le','in@ornarefacilisiseget.com','YUS45NGS6RW','P');
INSERT INTO tapu.account (AccountNumber,FirstName,LastName,EmailAddress,PasswordHash,AccountTypeID) VALUES (19,'Oren','Avery','ligula@eget.com','VQS41QJR9OJ','P');
INSERT INTO tapu.account (AccountNumber,FirstName,LastName,EmailAddress,PasswordHash,AccountTypeID) VALUES (20,'Cyrus','Terrell','sed@Utsemper.org','CZI76FMR4RV','P');
INSERT INTO tapu.account (AccountNumber,FirstName,LastName,EmailAddress,PasswordHash,AccountTypeID) VALUES (21,'Hayden','Ayers','odio.semper@Naminterdumenim.edu','KMW30FOY5PN','P');
INSERT INTO tapu.account (AccountNumber,FirstName,LastName,EmailAddress,PasswordHash,AccountTypeID) VALUES (22,'Cooper','Curtis','ut.molestie@iaculisaliquet.ca','SVN15JQN0SH','P');
INSERT INTO tapu.account (AccountNumber,FirstName,LastName,EmailAddress,PasswordHash,AccountTypeID) VALUES (23,'Beau','Trevino','eget.nisi.dictum@feugiatLoremipsum.org','AON51AUJ6ZX','P');
INSERT INTO tapu.account (AccountNumber,FirstName,LastName,EmailAddress,PasswordHash,AccountTypeID) VALUES (24,'Alfonso','Serrano','in.cursus@maurisa.com','SLX71FUA8JV','P');
INSERT INTO tapu.account (AccountNumber,FirstName,LastName,EmailAddress,PasswordHash,AccountTypeID) VALUES (25,'Sean','Walls','malesuada.augue.ut@Nullamlobortis.org','MDY11WEY4BH','P');

-- Female Player Accounts
INSERT INTO tapu.account (AccountNumber,FirstName,LastName,EmailAddress,PasswordHash,AccountTypeID) VALUES (26,'Larissa','Jimenez','vitae@dignissimpharetra.com','BGB13KJD2RK','P');
INSERT INTO tapu.account (AccountNumber,FirstName,LastName,EmailAddress,PasswordHash,AccountTypeID) VALUES (27,'Tallulah','Wells','et@pharetraut.com','WMS36UXE0HN','P');
INSERT INTO tapu.account (AccountNumber,FirstName,LastName,EmailAddress,PasswordHash,AccountTypeID) VALUES (28,'Quintessa','Medina','tortor.Integer@consequatauctor.com','CDO28ZEU2BE','P');
INSERT INTO tapu.account (AccountNumber,FirstName,LastName,EmailAddress,PasswordHash,AccountTypeID) VALUES (29,'Eleanor','Leon','In@Integer.com','AGO05CVE6VV','P');
INSERT INTO tapu.account (AccountNumber,FirstName,LastName,EmailAddress,PasswordHash,AccountTypeID) VALUES (30,'Jada','Davenport','nulla.ante.iaculis@ametloremsemper.com','TJD04HHZ3AF','P');
INSERT INTO tapu.account (AccountNumber,FirstName,LastName,EmailAddress,PasswordHash,AccountTypeID) VALUES (31,'Noelle','Hobbs','hendrerit@feugiatnecdiam.org','CDR79MEE3SY','P');
INSERT INTO tapu.account (AccountNumber,FirstName,LastName,EmailAddress,PasswordHash,AccountTypeID) VALUES (32,'Macey','Bentley','nec.imperdiet.nec@vitae.com','MAK80QNM8MM','P');
INSERT INTO tapu.account (AccountNumber,FirstName,LastName,EmailAddress,PasswordHash,AccountTypeID) VALUES (33,'Colette','Workman','pharetra.Quisque@tellusNunc.com','DMM51LDG1DL','P');
INSERT INTO tapu.account (AccountNumber,FirstName,LastName,EmailAddress,PasswordHash,AccountTypeID) VALUES (34,'Sybil','Lynch','ornare.tortor.at@ultricesposuerecubilia.ca','PGL57XSS4BJ','P');
INSERT INTO tapu.account (AccountNumber,FirstName,LastName,EmailAddress,PasswordHash,AccountTypeID) VALUES (35,'Regan','Goff','Sed.id@aodiosemper.com','HFR43DIW0GW','P');
INSERT INTO tapu.account (AccountNumber,FirstName,LastName,EmailAddress,PasswordHash,AccountTypeID) VALUES (36,'Rebecca','Copeland','convallis.convallis@miAliquam.ca','ORM07WVB3CX','P');
INSERT INTO tapu.account (AccountNumber,FirstName,LastName,EmailAddress,PasswordHash,AccountTypeID) VALUES (37,'Judith','Larson','montes@tellus.edu','IYX31TEJ2EA','P');
INSERT INTO tapu.account (AccountNumber,FirstName,LastName,EmailAddress,PasswordHash,AccountTypeID) VALUES (38,'Charlotte','Washington','malesuada.fames@sociisnatoque.org','HMQ65ODB7VH','P');
INSERT INTO tapu.account (AccountNumber,FirstName,LastName,EmailAddress,PasswordHash,AccountTypeID) VALUES (39,'Hedwig','Shaffer','arcu.iaculis@etarcuimperdiet.com','MEW63WWI4ST','P');
INSERT INTO tapu.account (AccountNumber,FirstName,LastName,EmailAddress,PasswordHash,AccountTypeID) VALUES (40,'Brittany','Everett','Etiam@nequepellentesquemassa.edu','LVF16NNM1VF','P');
INSERT INTO tapu.account (AccountNumber,FirstName,LastName,EmailAddress,PasswordHash,AccountTypeID) VALUES (41,'Camilla','Flynn','condimentum.eget.volutpat@ullamcorper.org','AFZ59SQF7FC','P');
INSERT INTO tapu.account (AccountNumber,FirstName,LastName,EmailAddress,PasswordHash,AccountTypeID) VALUES (42,'Jena','Grant','quam.vel@congueIn.ca','BHK20PIK2RO','P');
INSERT INTO tapu.account (AccountNumber,FirstName,LastName,EmailAddress,PasswordHash,AccountTypeID) VALUES (43,'Meredith','Gill','metus.Aliquam@fames.ca','BSZ89CGG6NV','P');
INSERT INTO tapu.account (AccountNumber,FirstName,LastName,EmailAddress,PasswordHash,AccountTypeID) VALUES (44,'Inez','Holland','orci.lacus.vestibulum@euerosNam.ca','LME71SKM2HU','P');
INSERT INTO tapu.account (AccountNumber,FirstName,LastName,EmailAddress,PasswordHash,AccountTypeID) VALUES (45,'Hanae','Best','urna.Ut.tincidunt@neque.ca','EXF84BFV9WR','P');
INSERT INTO tapu.account (AccountNumber,FirstName,LastName,EmailAddress,PasswordHash,AccountTypeID) VALUES (46,'Audrey','Morse','iaculis@nullaIntegervulputate.org','NHD75YDQ7DR','P');
INSERT INTO tapu.account (AccountNumber,FirstName,LastName,EmailAddress,PasswordHash,AccountTypeID) VALUES (47,'Jane','Bradford','pede.Cum.sociis@ornare.org','IWO37GJK3XF','P');
INSERT INTO tapu.account (AccountNumber,FirstName,LastName,EmailAddress,PasswordHash,AccountTypeID) VALUES (48,'Emi','Mccormick','turpis.nec.mauris@atnisiCum.edu','QQT47LVW2EE','P');
INSERT INTO tapu.account (AccountNumber,FirstName,LastName,EmailAddress,PasswordHash,AccountTypeID) VALUES (49,'Willow','Tillman','feugiat.tellus@feliseget.org','TFA11FKS9YL','P');
INSERT INTO tapu.account (AccountNumber,FirstName,LastName,EmailAddress,PasswordHash,AccountTypeID) VALUES (50,'Julie','Beard','nunc@tortornibhsit.ca','GIU54ZMK4HW','P');

-- Team Accounts
INSERT INTO tapu.account (AccountNumber,FirstName,LastName,EmailAddress,PasswordHash,AccountTypeID) VALUES (51,'Macey','Mccray','x@yahoo.com','808a1f044c827043f99717bd2eb3e77d02fb6b64d97823075f4fea7db05d216e9f24eea6c2fbc5621fc44e5fec653e7daf42bf6f1a89bbc748ef570abee78995','M');
INSERT INTO tapu.account (AccountNumber,FirstName,LastName,EmailAddress,PasswordHash,AccountTypeID) VALUES (52,'Germane','Vinson','accumsan.neque.et@acipsumPhasellus.com','XDX62VGU5KG','M');
INSERT INTO tapu.account (AccountNumber,FirstName,LastName,EmailAddress,PasswordHash,AccountTypeID) VALUES (53,'Steel','Bright','velit.eu.sem@Donec.ca','UGK18JLU1JS','M');
INSERT INTO tapu.account (AccountNumber,FirstName,LastName,EmailAddress,PasswordHash,AccountTypeID) VALUES (54,'Florence','Paul','adipiscing.non@Duissit.org','LML98SVZ4QE','M');
INSERT INTO tapu.account (AccountNumber,FirstName,LastName,EmailAddress,PasswordHash,AccountTypeID) VALUES (55,'Leslie','Hart','blandit.Nam.nulla@odiosempercursus.org','ENO39GQQ8CF','M');
INSERT INTO tapu.account (AccountNumber,FirstName,LastName,EmailAddress,PasswordHash,AccountTypeID) VALUES (56,'Blythe','Ramsey','Praesent.interdum@non.com','XLL30PZM5VH','M');
INSERT INTO tapu.account (AccountNumber,FirstName,LastName,EmailAddress,PasswordHash,AccountTypeID) VALUES (57,'Marsden','Massey','cursus.Nunc@Lorem.edu','JLS25YJG5YM','M');
INSERT INTO tapu.account (AccountNumber,FirstName,LastName,EmailAddress,PasswordHash,AccountTypeID) VALUES (58,'Cheryl','Hatfield','eu.tellus@Nullasempertellus.org','KTE95LQD9VG','M');
INSERT INTO tapu.account (AccountNumber,FirstName,LastName,EmailAddress,PasswordHash,AccountTypeID) VALUES (59,'Moses','Thomas','Cras.pellentesque@acturpis.org','NFX11JHO7YJ','M');
INSERT INTO tapu.account (AccountNumber,FirstName,LastName,EmailAddress,PasswordHash,AccountTypeID) VALUES (60,'Karen','Michael','Cras.lorem.lorem@Donecluctusaliquet.ca','GKY12FVC8YS','M');
INSERT INTO tapu.account (AccountNumber,FirstName,LastName,EmailAddress,PasswordHash,AccountTypeID) VALUES (61,'Meghan','Mann','et@dignissimlacus.edu','VQO55XCF7IZ','M');
INSERT INTO tapu.account (AccountNumber,FirstName,LastName,EmailAddress,PasswordHash,AccountTypeID) VALUES (62,'Jerry','Cervantes','tempor@ullamcorper.edu','IEF11YUR1QD','M');
INSERT INTO tapu.account (AccountNumber,FirstName,LastName,EmailAddress,PasswordHash,AccountTypeID) VALUES (63,'Katelyn','Murray','vel.vulputate.eu@sagittis.ca','DQY89YID1FG','M');
INSERT INTO tapu.account (AccountNumber,FirstName,LastName,EmailAddress,PasswordHash,AccountTypeID) VALUES (64,'Kelly','Foreman','urna.Nunc@sociisnatoque.ca','LLM61PDT5IZ','M');
INSERT INTO tapu.account (AccountNumber,FirstName,LastName,EmailAddress,PasswordHash,AccountTypeID) VALUES (65,'Bernard','Berry','luctus@ipsum.org','ZGV14CRT6KH','M');
INSERT INTO tapu.account (AccountNumber,FirstName,LastName,EmailAddress,PasswordHash,AccountTypeID) VALUES (66,'Ezekiel','Crawford','tristique.aliquet.Phasellus@atvelitPellentesque.ca','IMQ88PZW7SX','M');
INSERT INTO tapu.account (AccountNumber,FirstName,LastName,EmailAddress,PasswordHash,AccountTypeID) VALUES (67,'Megan','Hebert','tortor.at.risus@nec.com','IRD90KGH1AZ','M');
INSERT INTO tapu.account (AccountNumber,FirstName,LastName,EmailAddress,PasswordHash,AccountTypeID) VALUES (68,'Jesse','Tran','odio@aaliquet.ca','EDR88ONG4LM','M');
INSERT INTO tapu.account (AccountNumber,FirstName,LastName,EmailAddress,PasswordHash,AccountTypeID) VALUES (69,'India','Schultz','consequat.dolor.vitae@sagittisNullamvitae.edu','JAM40MZY7YM','M');
INSERT INTO tapu.account (AccountNumber,FirstName,LastName,EmailAddress,PasswordHash,AccountTypeID) VALUES (70,'Wendy','Porter','risus.Donec@enimEtiam.ca','YBF35SUI5XH','M');
INSERT INTO tapu.account (AccountNumber,FirstName,LastName,EmailAddress,PasswordHash,AccountTypeID) VALUES (71,'Donovan','Burke','nibh.Aliquam@atsem.com','CDH80UVV4XF','M');
INSERT INTO tapu.account (AccountNumber,FirstName,LastName,EmailAddress,PasswordHash,AccountTypeID) VALUES (72,'Xander','Stephenson','pede@Etiam.org','UIX32EOJ8WZ','M');
INSERT INTO tapu.account (AccountNumber,FirstName,LastName,EmailAddress,PasswordHash,AccountTypeID) VALUES (73,'Aladdin','Cook','sem@adipiscingfringilla.com','HTC76IRO4SQ','M');
INSERT INTO tapu.account (AccountNumber,FirstName,LastName,EmailAddress,PasswordHash,AccountTypeID) VALUES (74,'Adam','Dudley','ridiculus.mus@turpis.org','IHY11XFJ9JV','M');
INSERT INTO tapu.account (AccountNumber,FirstName,LastName,EmailAddress,PasswordHash,AccountTypeID) VALUES (75,'Taylor','Moon','Aenean@egestasSedpharetra.com','BMX52NNL9WP','M');
INSERT INTO tapu.account (AccountNumber,FirstName,LastName,EmailAddress,PasswordHash,AccountTypeID) VALUES (76,'Melvin','Holman','mauris.Integer.sem@metussit.edu','HIM27IDI4UB','M');
INSERT INTO tapu.account (AccountNumber,FirstName,LastName,EmailAddress,PasswordHash,AccountTypeID) VALUES (77,'Dawn','Callahan','sed@Cum.ca','OEK40AEM9CV','M');
INSERT INTO tapu.account (AccountNumber,FirstName,LastName,EmailAddress,PasswordHash,AccountTypeID) VALUES (78,'Audra','Dean','massa@atvelitPellentesque.edu','AMM42ORK6LL','M');
INSERT INTO tapu.account (AccountNumber,FirstName,LastName,EmailAddress,PasswordHash,AccountTypeID) VALUES (79,'Erin','Haney','sit.amet.orci@nibhsitamet.org','VQZ77VVZ9GR','M');
INSERT INTO tapu.account (AccountNumber,FirstName,LastName,EmailAddress,PasswordHash,AccountTypeID) VALUES (80,'Edan','Griffith','Phasellus.fermentum.convallis@ullamcorpermagnaSed.edu','JUM02XIP8VK','M');
INSERT INTO tapu.account (AccountNumber,FirstName,LastName,EmailAddress,PasswordHash,AccountTypeID) VALUES (81,'Hamilton','Gay','Ut@mi.ca','DUT00KJK0DG','M');
INSERT INTO tapu.account (AccountNumber,FirstName,LastName,EmailAddress,PasswordHash,AccountTypeID) VALUES (82,'Colin','Colon','imperdiet.ullamcorper@nequevenenatis.edu','OZW48GWD4WM','M');
INSERT INTO tapu.account (AccountNumber,FirstName,LastName,EmailAddress,PasswordHash,AccountTypeID) VALUES (83,'Iris','Mercado','nec.mollis@velitAliquam.com','UBS81YCJ5CB','M');
INSERT INTO tapu.account (AccountNumber,FirstName,LastName,EmailAddress,PasswordHash,AccountTypeID) VALUES (84,'Dai','Gibson','fermentum.fermentum@In.edu','LYE97QJK2PU','M');
INSERT INTO tapu.account (AccountNumber,FirstName,LastName,EmailAddress,PasswordHash,AccountTypeID) VALUES (85,'Vincent','Talley','laoreet.posuere@eleifendCras.edu','OMO15PJY2PD','M');
INSERT INTO tapu.account (AccountNumber,FirstName,LastName,EmailAddress,PasswordHash,AccountTypeID) VALUES (86,'Ferdinand','Meyers','diam.luctus@scelerisqueloremipsum.edu','LVM64GQI7QX','M');
INSERT INTO tapu.account (AccountNumber,FirstName,LastName,EmailAddress,PasswordHash,AccountTypeID) VALUES (87,'Clementine','Sampson','nisi.nibh@tellusjusto.com','ZZF25INE8UZ','M');
INSERT INTO tapu.account (AccountNumber,FirstName,LastName,EmailAddress,PasswordHash,AccountTypeID) VALUES (88,'Hadassah','Sloan','mauris.sit@Nam.org','PTY33WPE3HO','M');
INSERT INTO tapu.account (AccountNumber,FirstName,LastName,EmailAddress,PasswordHash,AccountTypeID) VALUES (89,'Ursa','Maynard','at.libero@ligulaDonecluctus.com','DIQ01QKY0PH','M');
INSERT INTO tapu.account (AccountNumber,FirstName,LastName,EmailAddress,PasswordHash,AccountTypeID) VALUES (90,'Carol','Curtis','ornare.tortor.at@mollis.com','ZVM30BGR6DM','M');
INSERT INTO tapu.account (AccountNumber,FirstName,LastName,EmailAddress,PasswordHash,AccountTypeID) VALUES (91,'Hamish','Mcdowell','a.tortor@dolor.ca','VBT86ABW8ZA','M');
INSERT INTO tapu.account (AccountNumber,FirstName,LastName,EmailAddress,PasswordHash,AccountTypeID) VALUES (92,'Britanni','Durham','leo@sollicitudinadipiscingligula.edu','UOS37EUH7LN','M');
INSERT INTO tapu.account (AccountNumber,FirstName,LastName,EmailAddress,PasswordHash,AccountTypeID) VALUES (93,'Ignacia','Dotson','elementum.dui@loremloremluctus.edu','AHY92YBN9ZG','M');
INSERT INTO tapu.account (AccountNumber,FirstName,LastName,EmailAddress,PasswordHash,AccountTypeID) VALUES (94,'Eagan','Bailey','quam@Sedauctorodio.org','YFV76JDY7PY','M');
INSERT INTO tapu.account (AccountNumber,FirstName,LastName,EmailAddress,PasswordHash,AccountTypeID) VALUES (95,'Xerxes','Olson','sapien.imperdiet.ornare@nuncsit.org','PXB59IVY3RR','M');
INSERT INTO tapu.account (AccountNumber,FirstName,LastName,EmailAddress,PasswordHash,AccountTypeID) VALUES (96,'Shana','Dawson','semper.cursus@massa.ca','LLS10QDS5KI','M');
INSERT INTO tapu.account (AccountNumber,FirstName,LastName,EmailAddress,PasswordHash,AccountTypeID) VALUES (97,'Jameson','Walker','urna.Vivamus.molestie@semperduilectus.com','IIF70WOG4QH','M');
INSERT INTO tapu.account (AccountNumber,FirstName,LastName,EmailAddress,PasswordHash,AccountTypeID) VALUES (98,'Quyn','Herman','In.mi.pede@et.edu','TAY34HUI2EI','M');
INSERT INTO tapu.account (AccountNumber,FirstName,LastName,EmailAddress,PasswordHash,AccountTypeID) VALUES (99,'Nigel','Huff','eu.erat.semper@Nullamnisl.edu','NYH06PUA3ZD','M');
INSERT INTO tapu.account (AccountNumber,FirstName,LastName,EmailAddress,PasswordHash,AccountTypeID) VALUES (100,'Colton','Craig','luctus.et.ultrices@ultrices.org','KAZ62IIR9JI','M');

--
-- Table: Tapu.PlayerProfile
--

-- Male Player Profiles
INSERT INTO tapu.playerprofile (PlayerAccountNumber,DateOfBirth,GenderID,City,StateAbbreviation) VALUES (1,'1968-05-24 15:11:16','M','Wichita Falls','NV');
INSERT INTO tapu.playerprofile (PlayerAccountNumber,Bio,DateOfBirth,GenderID,City,StateAbbreviation) VALUES (2,'sit amet ornare lectus justo eu arcu. Morbi sit amet massa. Quisque porttitor eros nec tellus. Nunc lectus pede, ultrices','1972-08-25 06:46:39','M','Connellsville','WV');
INSERT INTO tapu.playerprofile (PlayerAccountNumber,Bio,DateOfBirth,GenderID,City,StateAbbreviation) VALUES (3,'dolor sit amet, consectetuer adipiscing elit. Etiam laoreet, libero et tristique pellentesque, tellus','1971-05-30 00:52:47','M','Tacoma','HI');
INSERT INTO tapu.playerprofile (PlayerAccountNumber,Bio,DateOfBirth,GenderID,City,StateAbbreviation) VALUES (4,'consectetuer ipsum nunc id enim.','1963-08-25 04:41:21','M','Evansville','NY');
INSERT INTO tapu.playerprofile (PlayerAccountNumber,Bio,DateOfBirth,GenderID,City,StateAbbreviation) VALUES (5,'Nullam vitae diam. Proin dolor. Nulla semper tellus id','1981-03-19 19:17:52','M','Evansville','NY');
INSERT INTO tapu.playerprofile (PlayerAccountNumber,Bio,DateOfBirth,GenderID,City,StateAbbreviation) VALUES (6,'tempus non, lacinia at, iaculis quis, pede. Praesent eu dui. Cum sociis natoque','1976-01-01 23:25:35','M','Trenton','NH');
INSERT INTO tapu.playerprofile (PlayerAccountNumber,Bio,DateOfBirth,GenderID,City,StateAbbreviation) VALUES (7,'lacinia at, iaculis quis, pede. Praesent eu dui. Cum sociis','1991-06-18 09:51:19','M','Grand Rapids','IA');
INSERT INTO tapu.playerprofile (PlayerAccountNumber,DateOfBirth,GenderID,City,StateAbbreviation) VALUES (8,'1983-07-26 23:34:14','M','Lock Haven','GA');
INSERT INTO tapu.playerprofile (PlayerAccountNumber,Bio,DateOfBirth,GenderID,City,StateAbbreviation) VALUES (9,'convallis erat, eget tincidunt dui augue eu tellus. Phasellus elit pede, malesuada vel, venenatis vel, faucibus id, libero. Donec consectetuer mauris id sapien. Cras dolor dolor,','1979-07-04 23:14:20','M','Parkersburg','OK');
INSERT INTO tapu.playerprofile (PlayerAccountNumber,Bio,DateOfBirth,GenderID,City,StateAbbreviation) VALUES (10,'in, cursus et, eros. Proin ultrices. Duis volutpat nunc sit amet metus. Aliquam erat volutpat. Nulla facilisis. Suspendisse commodo tincidunt nibh. Phasellus nulla.','1968-08-03 16:26:43','M','Evansville','NY');
INSERT INTO tapu.playerprofile (PlayerAccountNumber,Bio,DateOfBirth,GenderID,City,StateAbbreviation) VALUES (11,'dis parturient montes, nascetur ridiculus mus. Donec dignissim magna a tortor. Nunc commodo auctor velit. Aliquam','1987-03-19 11:59:52','M','Eufaula','MT');
INSERT INTO tapu.playerprofile (PlayerAccountNumber,DateOfBirth,GenderID,City,StateAbbreviation) VALUES (12,'1976-01-03 03:15:15','M','Fallon','IA');
INSERT INTO tapu.playerprofile (PlayerAccountNumber,Bio,DateOfBirth,GenderID,City,StateAbbreviation) VALUES (13,'venenatis vel, faucibus id, libero. Donec consectetuer mauris id sapien. Cras dolor dolor,','1967-03-29 13:59:08','M','Chelsea','RI');
INSERT INTO tapu.playerprofile (PlayerAccountNumber,Bio,DateOfBirth,GenderID,City,StateAbbreviation) VALUES (14,'sit amet, consectetuer adipiscing elit. Etiam laoreet, libero et tristique pellentesque,','1968-05-27 21:16:28','M','Sturgis','UT');
INSERT INTO tapu.playerprofile (PlayerAccountNumber,Bio,DateOfBirth,GenderID,City,StateAbbreviation) VALUES (15,'Aliquam nisl. Nulla eu neque pellentesque massa lobortis ultrices. Vivamus rhoncus. Donec est. Nunc ullamcorper, velit in aliquet lobortis, nisi nibh lacinia orci,','1980-10-19 15:18:36','M','Evansville','NY');
INSERT INTO tapu.playerprofile (PlayerAccountNumber,Bio,DateOfBirth,GenderID,City,StateAbbreviation) VALUES (16,'dictum eu, eleifend nec, malesuada ut, sem. Nulla interdum. Curabitur dictum. Phasellus in felis. Nulla','1981-09-04 09:27:23','M','Fargo','ID');
INSERT INTO tapu.playerprofile (PlayerAccountNumber,Bio,DateOfBirth,GenderID,City,StateAbbreviation) VALUES (17,'Nulla semper tellus id nunc interdum feugiat. Sed nec metus facilisis lorem tristique aliquet. Phasellus fermentum convallis ligula. Donec luctus aliquet odio. Etiam ligula tortor,','1990-12-10 15:27:33','M','Bowling Green','CA');
INSERT INTO tapu.playerprofile (PlayerAccountNumber,Bio,DateOfBirth,GenderID,City,StateAbbreviation) VALUES (18,'id ante dictum cursus. Nunc mauris elit, dictum eu, eleifend nec, malesuada ut, sem. Nulla interdum. Curabitur dictum. Phasellus in felis. Nulla tempor augue ac ipsum. Phasellus vitae','1987-09-08 15:16:25','M','Decatur','GA');
INSERT INTO tapu.playerprofile (PlayerAccountNumber,Bio,DateOfBirth,GenderID,City,StateAbbreviation) VALUES (19,'pretium aliquet, metus urna convallis erat, eget tincidunt dui augue eu tellus. Phasellus elit pede, malesuada vel, venenatis vel, faucibus id, libero. Donec','1976-04-18 02:14:43','M','Buffalo','VT');
INSERT INTO tapu.playerprofile (PlayerAccountNumber,Bio,DateOfBirth,GenderID,City,StateAbbreviation) VALUES (20,'diam luctus','1968-06-29 01:25:31','M','Columbia','VA');
INSERT INTO tapu.playerprofile (PlayerAccountNumber,Bio,DateOfBirth,GenderID,City,StateAbbreviation) VALUES (21,'et magnis dis parturient montes, nascetur','1962-06-26 17:49:45','M','Evansville','NY');
INSERT INTO tapu.playerprofile (PlayerAccountNumber,Bio,DateOfBirth,GenderID,City,StateAbbreviation) VALUES (22,'auctor ullamcorper, nisl arcu iaculis enim, sit','1976-04-15 21:26:43','M','Fort Lauderdale','MT');
INSERT INTO tapu.playerprofile (PlayerAccountNumber,Bio,DateOfBirth,GenderID,City,StateAbbreviation) VALUES (23,'ligula. Aenean gravida nunc sed pede. Cum sociis natoque penatibus et magnis dis parturient montes, nascetur ridiculus mus. Proin vel arcu eu odio tristique pharetra. Quisque ac','1967-05-14 14:05:52','M','Fullerton','DE');
INSERT INTO tapu.playerprofile (PlayerAccountNumber,Bio,DateOfBirth,GenderID,City,StateAbbreviation) VALUES (24,'quis diam. Pellentesque habitant morbi tristique senectus et netus et malesuada fames ac turpis egestas. Fusce aliquet magna a','1963-07-03 14:37:20','M','Moreno Valley','TN');
INSERT INTO tapu.playerprofile (PlayerAccountNumber,Bio,DateOfBirth,GenderID,City,StateAbbreviation) VALUES (25,'non, hendrerit id,','1977-08-01 16:15:30','M','Temple City','FL');

-- Female Player Profiles
INSERT INTO tapu.playerprofile (PlayerAccountNumber,Bio,DateOfBirth,GenderID,City,StateAbbreviation) VALUES (26,'varius et, euismod et, commodo at, libero. Morbi accumsan laoreet','1967-12-04 06:22:05','F','Muncie','MT');
INSERT INTO tapu.playerprofile (PlayerAccountNumber,Bio,DateOfBirth,GenderID,City,StateAbbreviation) VALUES (27,'libero. Donec consectetuer mauris id sapien. Cras dolor dolor, tempus non, lacinia at, iaculis quis, pede. Praesent eu dui. Cum sociis natoque','1964-06-27 06:47:13','F','Brown Deer','CO');
INSERT INTO tapu.playerprofile (PlayerAccountNumber,Bio,DateOfBirth,GenderID,City,StateAbbreviation) VALUES (28,'egestas a, scelerisque','1966-04-07 06:54:49','F','Saint Albans','NE');
INSERT INTO tapu.playerprofile (PlayerAccountNumber,Bio,DateOfBirth,GenderID,City,StateAbbreviation) VALUES (29,'id, libero. Donec consectetuer mauris id sapien. Cras dolor dolor, tempus non, lacinia at, iaculis quis, pede. Praesent eu dui. Cum sociis natoque penatibus et magnis','1988-10-06 20:17:41','F','Toledo','KS');
INSERT INTO tapu.playerprofile (PlayerAccountNumber,Bio,DateOfBirth,GenderID,City,StateAbbreviation) VALUES (30,'Donec consectetuer mauris id','1973-07-07 00:34:54','F','Worland','NC');
INSERT INTO tapu.playerprofile (PlayerAccountNumber,Bio,DateOfBirth,GenderID,City,StateAbbreviation) VALUES (31,'lorem vitae odio sagittis semper. Nam tempor diam dictum','1981-10-24 18:49:57','F','Lock Haven','RI');
INSERT INTO tapu.playerprofile (PlayerAccountNumber,Bio,DateOfBirth,GenderID,City,StateAbbreviation) VALUES (32,'semper cursus. Integer mollis. Integer tincidunt aliquam arcu. Aliquam ultrices iaculis','1981-09-15 01:46:13','F','Geneva','WV');
INSERT INTO tapu.playerprofile (PlayerAccountNumber,Bio,DateOfBirth,GenderID,City,StateAbbreviation) VALUES (33,'lorem, sit amet ultricies sem magna nec','1981-11-23 12:40:13','F','Plano','KY');
INSERT INTO tapu.playerprofile (PlayerAccountNumber,Bio,DateOfBirth,GenderID,City,StateAbbreviation) VALUES (34,'orci sem eget massa. Suspendisse eleifend. Cras sed leo. Cras vehicula aliquet libero. Integer in magna. Phasellus dolor','1979-08-22 06:25:45','F','Saukville','LA');
INSERT INTO tapu.playerprofile (PlayerAccountNumber,Bio,DateOfBirth,GenderID,City,StateAbbreviation) VALUES (35,'Curabitur dictum. Phasellus in felis. Nulla tempor augue ac ipsum. Phasellus vitae mauris sit amet lorem semper auctor. Mauris vel turpis. Aliquam adipiscing lobortis risus. In mi pede,','1981-06-28 01:58:47','F','Morgantown','SC');
INSERT INTO tapu.playerprofile (PlayerAccountNumber,Bio,DateOfBirth,GenderID,City,StateAbbreviation) VALUES (36,'felis, adipiscing fringilla, porttitor','1984-04-30 19:58:01','F','Carolina','MI');
INSERT INTO tapu.playerprofile (PlayerAccountNumber,Bio,DateOfBirth,GenderID,City,StateAbbreviation) VALUES (37,'nulla. In tincidunt congue turpis. In condimentum. Donec','1980-03-22 13:44:40','F','Portsmouth','PA');
INSERT INTO tapu.playerprofile (PlayerAccountNumber,Bio,DateOfBirth,GenderID,City,StateAbbreviation) VALUES (38,'Donec fringilla. Donec feugiat metus','1976-11-21 02:16:14','F','Midwest City','MS');
INSERT INTO tapu.playerprofile (PlayerAccountNumber,Bio,DateOfBirth,GenderID,City,StateAbbreviation) VALUES (39,'urna. Nunc quis arcu vel','1975-08-07 09:08:31','F','Lincoln','ME');
INSERT INTO tapu.playerprofile (PlayerAccountNumber,Bio,DateOfBirth,GenderID,City,StateAbbreviation) VALUES (40,'Integer sem elit, pharetra ut, pharetra sed, hendrerit a, arcu. Sed et libero. Proin mi. Aliquam','1966-01-22 22:00:38','F','Plano','KY');
INSERT INTO tapu.playerprofile (PlayerAccountNumber,Bio,DateOfBirth,GenderID,City,StateAbbreviation) VALUES (41,'rhoncus. Proin nisl sem, consequat nec, mollis vitae, posuere at, velit. Cras lorem','1974-04-19 01:15:27','F','Loudon','AL');
INSERT INTO tapu.playerprofile (PlayerAccountNumber,Bio,DateOfBirth,GenderID,City,StateAbbreviation) VALUES (42,'sagittis','1974-02-15 06:04:19','F','Winooski','DE');
INSERT INTO tapu.playerprofile (PlayerAccountNumber,Bio,DateOfBirth,GenderID,City,StateAbbreviation) VALUES (43,'urna justo faucibus lectus, a sollicitudin orci sem eget massa. Suspendisse eleifend. Cras sed leo. Cras vehicula aliquet','1988-12-15 12:27:44','F','Fernley','IN');
INSERT INTO tapu.playerprofile (PlayerAccountNumber,Bio,DateOfBirth,GenderID,City,StateAbbreviation) VALUES (44,'diam vel arcu. Curabitur ut odio vel est tempor bibendum. Donec felis orci, adipiscing non, luctus sit amet, faucibus ut, nulla. Cras eu tellus','1969-08-29 09:14:44','F','Fargo','KY');
INSERT INTO tapu.playerprofile (PlayerAccountNumber,Bio,DateOfBirth,GenderID,City,StateAbbreviation) VALUES (45,'tellus. Suspendisse sed dolor. Fusce mi lorem, vehicula et, rutrum eu, ultrices','1973-08-08 20:33:16','F','Lake Forest','CT');
INSERT INTO tapu.playerprofile (PlayerAccountNumber,Bio,DateOfBirth,GenderID,City,StateAbbreviation) VALUES (46,'Cras dolor dolor, tempus non, lacinia at, iaculis quis, pede. Praesent eu dui. Cum sociis natoque penatibus et magnis dis parturient montes,','1968-09-06 04:01:42','F','Elbert','GA');
INSERT INTO tapu.playerprofile (PlayerAccountNumber,Bio,DateOfBirth,GenderID,City,StateAbbreviation) VALUES (47,'magna. Praesent interdum ligula eu enim.','1984-08-30 15:44:04','F','Darlington','OH');
INSERT INTO tapu.playerprofile (PlayerAccountNumber,Bio,DateOfBirth,GenderID,City,StateAbbreviation) VALUES (48,'est arcu ac orci. Ut semper pretium neque.','1982-07-13 13:29:19','F','Provo','ID');
INSERT INTO tapu.playerprofile (PlayerAccountNumber,Bio,DateOfBirth,GenderID,City,StateAbbreviation) VALUES (49,'fermentum risus, at fringilla purus mauris a nunc. In','1991-08-04 18:06:47','F','Enfield','NJ');
INSERT INTO tapu.playerprofile (PlayerAccountNumber,Bio,DateOfBirth,GenderID,City,StateAbbreviation) VALUES (50,'erat. Vivamus nisi. Mauris nulla. Integer urna. Vivamus molestie dapibus ligula. Aliquam erat volutpat.','1979-06-28 00:57:42','F','Meadville','OR');

--
-- Table: Tapu.TeamProfile
--
INSERT INTO tapu.teamprofile (TeamID,TeamManagerAccountNumber,TeamName,SportID,Bio,SkillLevelID,AgeMinimum,AgeMaximum,SeasonStartDate,SeasonEndDate,TryoutRequired,LeagueName,LeagueDuesAmountPerPlayer,City,StateAbbreviation) VALUES (1,93,'felis.',1,'ipsum cursus vestibulum. Mauris magna. Duis dignissim tempor arcu. Vestibulum ut eros non enim commodo hendrerit. Donec porttitor tellus non',3,26,50,'2012-06-13 08:13:42','2013-05-06 20:46:35',TRUE,'Some League',42.42,'Tacoma','HI');
INSERT INTO tapu.teamprofile (TeamID,TeamManagerAccountNumber,TeamName,SportID,Bio,SkillLevelID,AgeMinimum,AgeMaximum,SeasonStartDate,SeasonEndDate,TryoutRequired,LeagueName,LeagueDuesAmountPerPlayer,City,StateAbbreviation) VALUES (2,95,'pulvinar',1,'lectus, a sollicitudin orci sem eget massa. Suspendisse eleifend. Cras sed leo. Cras vehicula aliquet libero. Integer',3,29,37,'2012-11-29 21:18:15','2012-04-19 09:11:49',TRUE,'This League','8.50','Lincoln','ME');
INSERT INTO tapu.teamprofile (TeamID,TeamManagerAccountNumber,TeamName,SportID,Bio,SkillLevelID,AgeMinimum,AgeMaximum,SeasonStartDate,SeasonEndDate,City,StateAbbreviation) VALUES (3,88,'libero',1,'felis orci, adipiscing non, luctus sit amet, faucibus ut, nulla. Cras eu tellus eu',2,20,49,'2012-10-10 18:08:34','2012-04-06 07:06:09','Worland','NC');
INSERT INTO tapu.teamprofile (TeamID,TeamManagerAccountNumber,TeamName,SportID,Bio,SkillLevelID,AgeMinimum,AgeMaximum,SeasonStartDate,SeasonEndDate,City,StateAbbreviation) VALUES (4,81,'sed',1,'inceptos hymenaeos. Mauris',1,22,46,'2013-03-03 12:24:45','2012-05-18 04:26:23','Evansville','NY');
INSERT INTO tapu.teamprofile (TeamID,TeamManagerAccountNumber,TeamName,SportID,Bio,SkillLevelID,AgeMinimum,AgeMaximum,SeasonStartDate,SeasonEndDate,City,StateAbbreviation) VALUES (5,67,'sit',1,'metus. Aliquam erat volutpat. Nulla facilisis. Suspendisse commodo tincidunt nibh. Phasellus nulla.',4,24,51,'2013-10-28 13:53:38','2012-05-07 15:57:15','Kankakee','ME');
INSERT INTO tapu.teamprofile (TeamID,TeamManagerAccountNumber,TeamName,SportID,Bio,SkillLevelID,AgeMinimum,AgeMaximum,SeasonStartDate,SeasonEndDate,City,StateAbbreviation) VALUES (6,65,'Suspendisse',1,'elit sed consequat auctor, nunc nulla vulputate dui, nec tempus mauris erat eget ipsum. Suspendisse sagittis. Nullam vitae diam.',3,18,48,'2013-04-30 19:41:10','2013-09-24 13:32:23','Jeannette','WY');
INSERT INTO tapu.teamprofile (TeamID,TeamManagerAccountNumber,TeamName,SportID,Bio,SkillLevelID,AgeMinimum,AgeMaximum,SeasonStartDate,SeasonEndDate,City,StateAbbreviation) VALUES (7,51,'diam',1,'Vivamus sit amet risus. Donec egestas. Aliquam nec enim. Nunc ut erat. Sed nunc est, mollis non, cursus non, egestas a, dui. Cras pellentesque. Sed dictum. Proin eget odio.',4,19,50,'2013-07-12 03:39:30','2013-05-15 03:07:46','Yorba Linda','IA');
INSERT INTO tapu.teamprofile (TeamID,TeamManagerAccountNumber,TeamName,SportID,Bio,SkillLevelID,AgeMinimum,AgeMaximum,SeasonStartDate,SeasonEndDate,City,StateAbbreviation) VALUES (8,67,'penatibus',1,'Nunc quis arcu vel quam dignissim pharetra. Nam ac nulla. In tincidunt congue turpis. In condimentum. Donec at arcu. Vestibulum ante ipsum primis in faucibus orci luctus et ultrices posuere',3,41,52,'2012-03-21 19:46:37','2013-05-31 10:08:31','Plano','KY');
INSERT INTO tapu.teamprofile (TeamID,TeamManagerAccountNumber,TeamName,SportID,Bio,SkillLevelID,AgeMinimum,AgeMaximum,SeasonStartDate,SeasonEndDate,City,StateAbbreviation) VALUES (9,64,'penatibus',1,'luctus vulputate, nisi sem semper',2,46,52,'2013-01-07 13:26:19','2012-11-24 06:41:45','Dallas','TX');
INSERT INTO tapu.teamprofile (TeamID,TeamManagerAccountNumber,TeamName,SportID,Bio,SkillLevelID,AgeMinimum,AgeMaximum,SeasonStartDate,SeasonEndDate,City,StateAbbreviation) VALUES (10,84,'dictum.',1,'tempus non, lacinia at, iaculis quis, pede. Praesent eu dui. Cum sociis natoque penatibus et magnis',2,33,43,'2013-07-13 00:20:24','2012-08-24 22:25:12','Cape Coral','MD');
INSERT INTO tapu.teamprofile (TeamID,TeamManagerAccountNumber,TeamName,SportID,Bio,SkillLevelID,AgeMinimum,AgeMaximum,SeasonStartDate,SeasonEndDate,City,StateAbbreviation) VALUES (11,81,'vitae',1,'interdum ligula eu enim. Etiam imperdiet dictum magna. Ut tincidunt orci quis lectus. Nullam suscipit, est ac facilisis facilisis, magna',2,23,37,'2013-05-21 21:54:31','2013-02-10 05:34:27','Biddeford','TX');
INSERT INTO tapu.teamprofile (TeamID,TeamManagerAccountNumber,TeamName,SportID,Bio,SkillLevelID,AgeMinimum,AgeMaximum,SeasonStartDate,SeasonEndDate,City,StateAbbreviation) VALUES (12,55,'id,',1,'posuere at, velit. Cras lorem lorem, luctus ut, pellentesque eget, dictum placerat, augue. Sed molestie.',1,52,55,'2012-08-02 20:27:17','2012-03-11 17:44:07','West Sacramento','CO');
INSERT INTO tapu.teamprofile (TeamID,TeamManagerAccountNumber,TeamName,SportID,Bio,SkillLevelID,AgeMinimum,AgeMaximum,SeasonStartDate,SeasonEndDate,City,StateAbbreviation) VALUES (13,94,'pellentesque,',1,'ut lacus. Nulla tincidunt, neque vitae semper egestas, urna justo faucibus',2,42,48,'2012-01-19 16:20:11','2012-10-15 20:41:31','Bremerton','RI');
INSERT INTO tapu.teamprofile (TeamID,TeamManagerAccountNumber,TeamName,SportID,Bio,SkillLevelID,AgeMinimum,AgeMaximum,SeasonStartDate,SeasonEndDate,City,StateAbbreviation) VALUES (14,55,'dignissim.',1,'nulla. In tincidunt congue turpis. In condimentum. Donec at arcu. Vestibulum ante ipsum primis in faucibus orci luctus et ultrices posuere cubilia Curae; Donec tincidunt. Donec vitae erat vel',4,34,51,'2012-05-12 21:21:18','2012-07-29 08:43:28','Lander','MT');
INSERT INTO tapu.teamprofile (TeamID,TeamManagerAccountNumber,TeamName,SportID,Bio,SkillLevelID,AgeMinimum,AgeMaximum,SeasonStartDate,SeasonEndDate,City,StateAbbreviation) VALUES (15,67,'bibendum',1,'vulputate velit eu sem. Pellentesque ut ipsum ac mi eleifend egestas. Sed pharetra, felis eget varius ultrices, mauris ipsum porta elit, a feugiat tellus lorem eu metus.',4,45,53,'2012-12-02 21:10:03','2012-09-02 06:25:06','Spokane Valley','VT');
INSERT INTO tapu.teamprofile (TeamID,TeamManagerAccountNumber,TeamName,SportID,Bio,SkillLevelID,AgeMinimum,AgeMaximum,SeasonStartDate,SeasonEndDate,City,StateAbbreviation) VALUES (16,51,'aliquet.',1,'Sed diam lorem, auctor quis, tristique ac, eleifend vitae, erat. Vivamus nisi. Mauris nulla. Integer urna. Vivamus molestie dapibus',1,18,20,'2013-02-26 06:05:21','2013-03-30 20:43:24','Woodruff','SC');
INSERT INTO tapu.teamprofile (TeamID,TeamManagerAccountNumber,TeamName,SportID,Bio,SkillLevelID,AgeMinimum,AgeMaximum,SeasonStartDate,SeasonEndDate,City,StateAbbreviation) VALUES (17,61,'nostra,',1,'Mauris blandit enim consequat purus.',4,22,40,'2012-07-02 19:36:02','2013-05-16 03:08:35','Tempe','NM');
INSERT INTO tapu.teamprofile (TeamID,TeamManagerAccountNumber,TeamName,SportID,Bio,SkillLevelID,AgeMinimum,AgeMaximum,SeasonStartDate,SeasonEndDate,City,StateAbbreviation) VALUES (18,82,'ipsum.',1,'penatibus et magnis dis parturient montes, nascetur ridiculus mus. Proin vel nisl. Quisque fringilla euismod enim. Etiam gravida molestie arcu. Sed eu',4,35,40,'2013-02-15 16:29:27','2012-12-18 07:15:33','Lincoln','MI');
INSERT INTO tapu.teamprofile (TeamID,TeamManagerAccountNumber,TeamName,SportID,Bio,SkillLevelID,AgeMinimum,AgeMaximum,SeasonStartDate,SeasonEndDate,City,StateAbbreviation) VALUES (19,67,'purus.',1,'et libero. Proin mi.',4,19,29,'2013-08-29 14:09:06','2012-10-23 14:16:19','Shelton','IN');
INSERT INTO tapu.teamprofile (TeamID,TeamManagerAccountNumber,TeamName,SportID,Bio,SkillLevelID,AgeMinimum,AgeMaximum,SeasonStartDate,SeasonEndDate,City,StateAbbreviation) VALUES (20,81,'hendrerit',1,'erat eget ipsum. Suspendisse sagittis. Nullam vitae diam. Proin dolor. Nulla semper tellus id',3,35,51,'2012-06-13 08:40:41','2013-02-04 11:55:20','Durango','KY');
INSERT INTO tapu.teamprofile (TeamID,TeamManagerAccountNumber,TeamName,SportID,Bio,SkillLevelID,AgeMinimum,City,StateAbbreviation) VALUES (21,72,'Mauris',1,'Aenean gravida nunc sed pede. Cum sociis natoque penatibus et magnis dis parturient montes, nascetur ridiculus mus. Proin vel arcu eu odio tristique pharetra.',4,43,'La Puente','RI');
INSERT INTO tapu.teamprofile (TeamID,TeamManagerAccountNumber,TeamName,SportID,Bio,SkillLevelID,AgeMinimum,City,StateAbbreviation) VALUES (22,53,'Nullam',1,'consequat, lectus sit amet luctus vulputate, nisi sem semper erat, in consectetuer ipsum nunc id enim. Curabitur massa. Vestibulum accumsan',2,26,'Des Moines','LA');
INSERT INTO tapu.teamprofile (TeamID,TeamManagerAccountNumber,TeamName,SportID,Bio,SkillLevelID,AgeMinimum,City,StateAbbreviation) VALUES (23,75,'velit.',1,'mattis ornare, lectus ante dictum mi, ac mattis velit',2,43,'Lake Forest','CT');
INSERT INTO tapu.teamprofile (TeamID,TeamManagerAccountNumber,TeamName,SportID,Bio,SkillLevelID,AgeMinimum,City,StateAbbreviation) VALUES (24,88,'dui,',1,'euismod est arcu ac orci. Ut semper pretium neque. Morbi quis urna. Nunc quis arcu vel quam dignissim pharetra. Nam ac nulla. In tincidunt congue turpis. In condimentum. Donec at',1,25,'Lynchburg','NE');
INSERT INTO tapu.teamprofile (TeamID,TeamManagerAccountNumber,TeamName,SportID,Bio,SkillLevelID,AgeMinimum,City,StateAbbreviation) VALUES (25,60,'imperdiet',1,'Duis a mi fringilla mi lacinia mattis. Integer eu lacus. Quisque imperdiet, erat nonummy ultricies ornare, elit elit fermentum risus, at fringilla purus mauris a nunc. In',1,28,'Kettering','WI');
INSERT INTO tapu.teamprofile (TeamID,TeamManagerAccountNumber,TeamName,SportID,Bio,SkillLevelID,AgeMinimum,City,StateAbbreviation) VALUES (26,85,'lorem',1,'sed dictum eleifend, nunc risus varius orci, in consequat enim diam vel arcu. Curabitur ut odio vel est tempor bibendum. Donec felis orci, adipiscing non, luctus sit amet, faucibus ut,',3,29,'Plantation','NM');
INSERT INTO tapu.teamprofile (TeamID,TeamManagerAccountNumber,TeamName,SportID,Bio,SkillLevelID,AgeMinimum,City,StateAbbreviation) VALUES (27,70,'nec',1,'lectus sit amet luctus vulputate, nisi sem semper erat, in consectetuer ipsum nunc id enim. Curabitur massa. Vestibulum accumsan neque et nunc. Quisque ornare',4,40,'Trenton','NH');
INSERT INTO tapu.teamprofile (TeamID,TeamManagerAccountNumber,TeamName,SportID,Bio,SkillLevelID,AgeMinimum,City,StateAbbreviation) VALUES (28,55,'nibh.',1,'ligula. Aenean euismod mauris eu elit. Nulla facilisi. Sed neque. Sed',2,31,'Bowling Green','CA');
INSERT INTO tapu.teamprofile (TeamID,TeamManagerAccountNumber,TeamName,SportID,Bio,SkillLevelID,AgeMinimum,City,StateAbbreviation) VALUES (29,70,'Proin',1,'euismod in, dolor. Fusce feugiat. Lorem ipsum dolor sit amet, consectetuer adipiscing',1,39,'West Lafayette','ND');
INSERT INTO tapu.teamprofile (TeamID,TeamManagerAccountNumber,TeamName,SportID,Bio,SkillLevelID,AgeMinimum,City,StateAbbreviation) VALUES (30,64,'erat',1,'nunc ac mattis ornare, lectus ante dictum mi, ac mattis velit justo nec ante. Maecenas mi felis, adipiscing fringilla, porttitor vulputate, posuere vulputate, lacus. Cras interdum. Nunc',4,55,'Pueblo','ND');
INSERT INTO tapu.teamprofile (TeamID,TeamManagerAccountNumber,TeamName,SportID,Bio,SkillLevelID,AgeMinimum,City,StateAbbreviation) VALUES (31,66,'hendrerit.',1,'cursus non, egestas a, dui. Cras pellentesque. Sed dictum. Proin eget odio. Aliquam',3,37,'Kingston','UT');
INSERT INTO tapu.teamprofile (TeamID,TeamManagerAccountNumber,TeamName,SportID,Bio,SkillLevelID,AgeMinimum,City,StateAbbreviation) VALUES (32,91,'Aliquam',1,'fermentum arcu. Vestibulum ante ipsum primis in faucibus orci luctus et ultrices posuere cubilia Curae; Phasellus ornare. Fusce mollis. Duis sit amet diam eu dolor egestas rhoncus. Proin',2,35,'Natchitoches','KY');
INSERT INTO tapu.teamprofile (TeamID,TeamManagerAccountNumber,TeamName,SportID,Bio,SkillLevelID,AgeMinimum,City,StateAbbreviation) VALUES (33,60,'amet',1,'interdum. Sed auctor odio a purus. Duis elementum, dui quis accumsan',3,45,'Greensburg','MO');
INSERT INTO tapu.teamprofile (TeamID,TeamManagerAccountNumber,TeamName,SportID,Bio,SkillLevelID,AgeMinimum,City,StateAbbreviation) VALUES (34,68,'Phasellus',1,'nonummy ut, molestie in, tempus',3,45,'Nome','NY');
INSERT INTO tapu.teamprofile (TeamID,TeamManagerAccountNumber,TeamName,SportID,Bio,SkillLevelID,AgeMinimum,City,StateAbbreviation) VALUES (35,58,'enim.',1,'fermentum vel, mauris. Integer sem elit, pharetra ut,',4,26,'Stevens Point','DE');
INSERT INTO tapu.teamprofile (TeamID,TeamManagerAccountNumber,TeamName,SportID,Bio,SkillLevelID,AgeMinimum,City,StateAbbreviation) VALUES (36,67,'sed',1,'aliquam adipiscing lacus. Ut nec urna et arcu imperdiet ullamcorper. Duis at lacus. Quisque purus sapien, gravida non, sollicitudin a, malesuada id, erat. Etiam vestibulum massa rutrum magna.',4,25,'Half Moon Bay','ME');
INSERT INTO tapu.teamprofile (TeamID,TeamManagerAccountNumber,TeamName,SportID,Bio,SkillLevelID,AgeMinimum,City,StateAbbreviation) VALUES (37,55,'vitae',1,'cursus in, hendrerit consectetuer, cursus et, magna. Praesent interdum',1,37,'Rhinelander','IA');
INSERT INTO tapu.teamprofile (TeamID,TeamManagerAccountNumber,TeamName,SportID,Bio,SkillLevelID,AgeMinimum,City,StateAbbreviation) VALUES (38,74,'adipiscing',1,'Nullam scelerisque neque sed sem egestas blandit. Nam nulla magna, malesuada vel, convallis in, cursus et, eros. Proin ultrices. Duis volutpat nunc',1,48,'Burlington','AZ');
INSERT INTO tapu.teamprofile (TeamID,TeamManagerAccountNumber,TeamName,SportID,Bio,SkillLevelID,AgeMinimum,City,StateAbbreviation) VALUES (39,68,'ornare',1,'semper erat, in consectetuer ipsum nunc id enim. Curabitur massa. Vestibulum accumsan neque et nunc. Quisque ornare tortor at risus. Nunc ac sem ut dolor dapibus',1,41,'Sheridan','ID');
INSERT INTO tapu.teamprofile (TeamID,TeamManagerAccountNumber,TeamName,SportID,Bio,SkillLevelID,AgeMinimum,City,StateAbbreviation) VALUES (40,52,'justo',1,'lacus. Quisque imperdiet, erat nonummy ultricies ornare, elit elit fermentum risus, at fringilla purus mauris a nunc. In at pede. Cras vulputate velit eu sem. Pellentesque ut ipsum',3,43,'Boulder Junction','IN');

--
-- Table: TeamGender
--
INSERT INTO tapu.teamgender (TeamID,GenderID) VALUES (1,'M');
INSERT INTO tapu.teamgender (TeamID,GenderID) VALUES (2,'M');
INSERT INTO tapu.teamgender (TeamID,GenderID) VALUES (3,'M');
INSERT INTO tapu.teamgender (TeamID,GenderID) VALUES (4,'M');
INSERT INTO tapu.teamgender (TeamID,GenderID) VALUES (5,'M');
INSERT INTO tapu.teamgender (TeamID,GenderID) VALUES (6,'M');
INSERT INTO tapu.teamgender (TeamID,GenderID) VALUES (7,'M');
INSERT INTO tapu.teamgender (TeamID,GenderID) VALUES (8,'M');
INSERT INTO tapu.teamgender (TeamID,GenderID) VALUES (9,'M');
INSERT INTO tapu.teamgender (TeamID,GenderID) VALUES (10,'M');
INSERT INTO tapu.teamgender (TeamID,GenderID) VALUES (11,'M');
INSERT INTO tapu.teamgender (TeamID,GenderID) VALUES (12,'M');
INSERT INTO tapu.teamgender (TeamID,GenderID) VALUES (13,'M');
INSERT INTO tapu.teamgender (TeamID,GenderID) VALUES (14,'M');
INSERT INTO tapu.teamgender (TeamID,GenderID) VALUES (15,'M');
INSERT INTO tapu.teamgender (TeamID,GenderID) VALUES (16,'F');
INSERT INTO tapu.teamgender (TeamID,GenderID) VALUES (17,'F');
INSERT INTO tapu.teamgender (TeamID,GenderID) VALUES (18,'F');
INSERT INTO tapu.teamgender (TeamID,GenderID) VALUES (19,'F');
INSERT INTO tapu.teamgender (TeamID,GenderID) VALUES (20,'F');
INSERT INTO tapu.teamgender (TeamID,GenderID) VALUES (21,'F');
INSERT INTO tapu.teamgender (TeamID,GenderID) VALUES (22,'F');
INSERT INTO tapu.teamgender (TeamID,GenderID) VALUES (23,'F');
INSERT INTO tapu.teamgender (TeamID,GenderID) VALUES (24,'F');
INSERT INTO tapu.teamgender (TeamID,GenderID) VALUES (25,'F');
INSERT INTO tapu.teamgender (TeamID,GenderID) VALUES (26,'F');
INSERT INTO tapu.teamgender (TeamID,GenderID) VALUES (27,'F');
INSERT INTO tapu.teamgender (TeamID,GenderID) VALUES (28,'F');
INSERT INTO tapu.teamgender (TeamID,GenderID) VALUES (29,'F');
INSERT INTO tapu.teamgender (TeamID,GenderID) VALUES (30,'F');
INSERT INTO tapu.teamgender (TeamID,GenderID) VALUES (31,'M');
INSERT INTO tapu.teamgender (TeamID,GenderID) VALUES (32,'M');
INSERT INTO tapu.teamgender (TeamID,GenderID) VALUES (33,'M');
INSERT INTO tapu.teamgender (TeamID,GenderID) VALUES (34,'M');
INSERT INTO tapu.teamgender (TeamID,GenderID) VALUES (35,'M');
INSERT INTO tapu.teamgender (TeamID,GenderID) VALUES (36,'M');
INSERT INTO tapu.teamgender (TeamID,GenderID) VALUES (37,'M');
INSERT INTO tapu.teamgender (TeamID,GenderID) VALUES (38,'M');
INSERT INTO tapu.teamgender (TeamID,GenderID) VALUES (39,'M');
INSERT INTO tapu.teamgender (TeamID,GenderID) VALUES (40,'M');
INSERT INTO tapu.teamgender (TeamID,GenderID) VALUES (31,'F');
INSERT INTO tapu.teamgender (TeamID,GenderID) VALUES (32,'F');
INSERT INTO tapu.teamgender (TeamID,GenderID) VALUES (33,'F');
INSERT INTO tapu.teamgender (TeamID,GenderID) VALUES (34,'F');
INSERT INTO tapu.teamgender (TeamID,GenderID) VALUES (35,'F');
INSERT INTO tapu.teamgender (TeamID,GenderID) VALUES (36,'F');
INSERT INTO tapu.teamgender (TeamID,GenderID) VALUES (37,'F');
INSERT INTO tapu.teamgender (TeamID,GenderID) VALUES (38,'F');
INSERT INTO tapu.teamgender (TeamID,GenderID) VALUES (39,'F');
INSERT INTO tapu.teamgender (TeamID,GenderID) VALUES (40,'F');

--
-- Table: Tapu.PlayerProfilePosition
-- INSERT IGNORE is used to ignore duplicate entries
-- because this data is automatically generated.
--
INSERT IGNORE INTO tapu.playerprofileposition (PlayerAccountNumber,SportID,PositionID,SkillLevelID,LookingStatus) VALUES (35,1,7,1,FALSE);
INSERT IGNORE INTO tapu.playerprofileposition (PlayerAccountNumber,SportID,PositionID,SkillLevelID,LookingStatus) VALUES (9,1,10,3,TRUE);
INSERT IGNORE INTO tapu.playerprofileposition (PlayerAccountNumber,SportID,PositionID,SkillLevelID,LookingStatus) VALUES (50,1,2,2,FALSE);
INSERT IGNORE INTO tapu.playerprofileposition (PlayerAccountNumber,SportID,PositionID,SkillLevelID,LookingStatus) VALUES (10,1,10,2,FALSE);
INSERT IGNORE INTO tapu.playerprofileposition (PlayerAccountNumber,SportID,PositionID,SkillLevelID,LookingStatus) VALUES (25,1,9,4,TRUE);
INSERT IGNORE INTO tapu.playerprofileposition (PlayerAccountNumber,SportID,PositionID,SkillLevelID,LookingStatus) VALUES (26,1,5,1,TRUE);
INSERT IGNORE INTO tapu.playerprofileposition (PlayerAccountNumber,SportID,PositionID,SkillLevelID,LookingStatus) VALUES (8,1,10,3,TRUE);
INSERT IGNORE INTO tapu.playerprofileposition (PlayerAccountNumber,SportID,PositionID,SkillLevelID,LookingStatus) VALUES (2,1,5,4,TRUE);
INSERT IGNORE INTO tapu.playerprofileposition (PlayerAccountNumber,SportID,PositionID,SkillLevelID,LookingStatus) VALUES (50,1,7,1,FALSE);
INSERT IGNORE INTO tapu.playerprofileposition (PlayerAccountNumber,SportID,PositionID,SkillLevelID,LookingStatus) VALUES (50,1,2,4,TRUE);
INSERT IGNORE INTO tapu.playerprofileposition (PlayerAccountNumber,SportID,PositionID,SkillLevelID,LookingStatus) VALUES (6,1,7,4,FALSE);
INSERT IGNORE INTO tapu.playerprofileposition (PlayerAccountNumber,SportID,PositionID,SkillLevelID,LookingStatus) VALUES (30,1,10,1,FALSE);
INSERT IGNORE INTO tapu.playerprofileposition (PlayerAccountNumber,SportID,PositionID,SkillLevelID,LookingStatus) VALUES (42,1,2,3,TRUE);
INSERT IGNORE INTO tapu.playerprofileposition (PlayerAccountNumber,SportID,PositionID,SkillLevelID,LookingStatus) VALUES (3,1,9,2,TRUE);
INSERT IGNORE INTO tapu.playerprofileposition (PlayerAccountNumber,SportID,PositionID,SkillLevelID,LookingStatus) VALUES (17,1,6,4,TRUE);
INSERT IGNORE INTO tapu.playerprofileposition (PlayerAccountNumber,SportID,PositionID,SkillLevelID,LookingStatus) VALUES (31,1,10,3,TRUE);
INSERT IGNORE INTO tapu.playerprofileposition (PlayerAccountNumber,SportID,PositionID,SkillLevelID,LookingStatus) VALUES (30,1,11,1,TRUE);
INSERT IGNORE INTO tapu.playerprofileposition (PlayerAccountNumber,SportID,PositionID,SkillLevelID,LookingStatus) VALUES (5,1,11,4,FALSE);
INSERT IGNORE INTO tapu.playerprofileposition (PlayerAccountNumber,SportID,PositionID,SkillLevelID,LookingStatus) VALUES (18,1,11,2,FALSE);
INSERT IGNORE INTO tapu.playerprofileposition (PlayerAccountNumber,SportID,PositionID,SkillLevelID,LookingStatus) VALUES (43,1,2,3,TRUE);
INSERT IGNORE INTO tapu.playerprofileposition (PlayerAccountNumber,SportID,PositionID,SkillLevelID,LookingStatus) VALUES (38,1,5,1,TRUE);
INSERT IGNORE INTO tapu.playerprofileposition (PlayerAccountNumber,SportID,PositionID,SkillLevelID,LookingStatus) VALUES (49,1,8,4,FALSE);
INSERT IGNORE INTO tapu.playerprofileposition (PlayerAccountNumber,SportID,PositionID,SkillLevelID,LookingStatus) VALUES (18,1,3,2,TRUE);
INSERT IGNORE INTO tapu.playerprofileposition (PlayerAccountNumber,SportID,PositionID,SkillLevelID,LookingStatus) VALUES (40,1,4,3,FALSE);
INSERT IGNORE INTO tapu.playerprofileposition (PlayerAccountNumber,SportID,PositionID,SkillLevelID,LookingStatus) VALUES (4,1,2,1,FALSE);
INSERT IGNORE INTO tapu.playerprofileposition (PlayerAccountNumber,SportID,PositionID,SkillLevelID,LookingStatus) VALUES (29,1,2,3,TRUE);
INSERT IGNORE INTO tapu.playerprofileposition (PlayerAccountNumber,SportID,PositionID,SkillLevelID,LookingStatus) VALUES (4,1,6,2,FALSE);
INSERT IGNORE INTO tapu.playerprofileposition (PlayerAccountNumber,SportID,PositionID,SkillLevelID,LookingStatus) VALUES (18,1,6,1,FALSE);
INSERT IGNORE INTO tapu.playerprofileposition (PlayerAccountNumber,SportID,PositionID,SkillLevelID,LookingStatus) VALUES (1,1,8,1,TRUE);
INSERT IGNORE INTO tapu.playerprofileposition (PlayerAccountNumber,SportID,PositionID,SkillLevelID,LookingStatus) VALUES (11,1,2,3,TRUE);
INSERT IGNORE INTO tapu.playerprofileposition (PlayerAccountNumber,SportID,PositionID,SkillLevelID,LookingStatus) VALUES (22,1,9,3,TRUE);
INSERT IGNORE INTO tapu.playerprofileposition (PlayerAccountNumber,SportID,PositionID,SkillLevelID,LookingStatus) VALUES (16,1,6,2,TRUE);
INSERT IGNORE INTO tapu.playerprofileposition (PlayerAccountNumber,SportID,PositionID,SkillLevelID,LookingStatus) VALUES (50,1,5,3,TRUE);
INSERT IGNORE INTO tapu.playerprofileposition (PlayerAccountNumber,SportID,PositionID,SkillLevelID,LookingStatus) VALUES (5,1,5,3,FALSE);
INSERT IGNORE INTO tapu.playerprofileposition (PlayerAccountNumber,SportID,PositionID,SkillLevelID,LookingStatus) VALUES (35,1,4,2,TRUE);
INSERT IGNORE INTO tapu.playerprofileposition (PlayerAccountNumber,SportID,PositionID,SkillLevelID,LookingStatus) VALUES (1,1,10,1,FALSE);
INSERT IGNORE INTO tapu.playerprofileposition (PlayerAccountNumber,SportID,PositionID,SkillLevelID,LookingStatus) VALUES (27,1,7,2,FALSE);
INSERT IGNORE INTO tapu.playerprofileposition (PlayerAccountNumber,SportID,PositionID,SkillLevelID,LookingStatus) VALUES (12,1,3,3,FALSE);
INSERT IGNORE INTO tapu.playerprofileposition (PlayerAccountNumber,SportID,PositionID,SkillLevelID,LookingStatus) VALUES (7,1,6,2,FALSE);
INSERT IGNORE INTO tapu.playerprofileposition (PlayerAccountNumber,SportID,PositionID,SkillLevelID,LookingStatus) VALUES (24,1,2,4,FALSE);
INSERT IGNORE INTO tapu.playerprofileposition (PlayerAccountNumber,SportID,PositionID,SkillLevelID,LookingStatus) VALUES (49,1,10,2,TRUE);
INSERT IGNORE INTO tapu.playerprofileposition (PlayerAccountNumber,SportID,PositionID,SkillLevelID,LookingStatus) VALUES (34,1,6,2,FALSE);
INSERT IGNORE INTO tapu.playerprofileposition (PlayerAccountNumber,SportID,PositionID,SkillLevelID,LookingStatus) VALUES (26,1,11,1,FALSE);
INSERT IGNORE INTO tapu.playerprofileposition (PlayerAccountNumber,SportID,PositionID,SkillLevelID,LookingStatus) VALUES (2,1,11,2,FALSE);
INSERT IGNORE INTO tapu.playerprofileposition (PlayerAccountNumber,SportID,PositionID,SkillLevelID,LookingStatus) VALUES (48,1,9,2,TRUE);
INSERT IGNORE INTO tapu.playerprofileposition (PlayerAccountNumber,SportID,PositionID,SkillLevelID,LookingStatus) VALUES (1,1,6,1,TRUE);
INSERT IGNORE INTO tapu.playerprofileposition (PlayerAccountNumber,SportID,PositionID,SkillLevelID,LookingStatus) VALUES (34,1,5,3,FALSE);
INSERT IGNORE INTO tapu.playerprofileposition (PlayerAccountNumber,SportID,PositionID,SkillLevelID,LookingStatus) VALUES (17,1,7,4,TRUE);
INSERT IGNORE INTO tapu.playerprofileposition (PlayerAccountNumber,SportID,PositionID,SkillLevelID,LookingStatus) VALUES (48,1,8,4,FALSE);
INSERT IGNORE INTO tapu.playerprofileposition (PlayerAccountNumber,SportID,PositionID,SkillLevelID,LookingStatus) VALUES (50,1,10,4,FALSE);
INSERT IGNORE INTO tapu.playerprofileposition (PlayerAccountNumber,SportID,PositionID,SkillLevelID,LookingStatus) VALUES (48,1,7,3,FALSE);
INSERT IGNORE INTO tapu.playerprofileposition (PlayerAccountNumber,SportID,PositionID,SkillLevelID,LookingStatus) VALUES (24,1,3,4,TRUE);
INSERT IGNORE INTO tapu.playerprofileposition (PlayerAccountNumber,SportID,PositionID,SkillLevelID,LookingStatus) VALUES (2,1,10,2,FALSE);
INSERT IGNORE INTO tapu.playerprofileposition (PlayerAccountNumber,SportID,PositionID,SkillLevelID,LookingStatus) VALUES (7,1,4,3,TRUE);
INSERT IGNORE INTO tapu.playerprofileposition (PlayerAccountNumber,SportID,PositionID,SkillLevelID,LookingStatus) VALUES (47,1,10,3,TRUE);
INSERT IGNORE INTO tapu.playerprofileposition (PlayerAccountNumber,SportID,PositionID,SkillLevelID,LookingStatus) VALUES (18,1,5,1,TRUE);
INSERT IGNORE INTO tapu.playerprofileposition (PlayerAccountNumber,SportID,PositionID,SkillLevelID,LookingStatus) VALUES (32,1,4,1,TRUE);
INSERT IGNORE INTO tapu.playerprofileposition (PlayerAccountNumber,SportID,PositionID,SkillLevelID,LookingStatus) VALUES (33,1,8,4,TRUE);
INSERT IGNORE INTO tapu.playerprofileposition (PlayerAccountNumber,SportID,PositionID,SkillLevelID,LookingStatus) VALUES (24,1,3,2,FALSE);
INSERT IGNORE INTO tapu.playerprofileposition (PlayerAccountNumber,SportID,PositionID,SkillLevelID,LookingStatus) VALUES (18,1,2,3,FALSE);
INSERT IGNORE INTO tapu.playerprofileposition (PlayerAccountNumber,SportID,PositionID,SkillLevelID,LookingStatus) VALUES (32,1,9,3,FALSE);
INSERT IGNORE INTO tapu.playerprofileposition (PlayerAccountNumber,SportID,PositionID,SkillLevelID,LookingStatus) VALUES (18,1,9,4,FALSE);
INSERT IGNORE INTO tapu.playerprofileposition (PlayerAccountNumber,SportID,PositionID,SkillLevelID,LookingStatus) VALUES (15,1,3,3,FALSE);
INSERT IGNORE INTO tapu.playerprofileposition (PlayerAccountNumber,SportID,PositionID,SkillLevelID,LookingStatus) VALUES (8,1,4,4,FALSE);
INSERT IGNORE INTO tapu.playerprofileposition (PlayerAccountNumber,SportID,PositionID,SkillLevelID,LookingStatus) VALUES (49,1,2,1,TRUE);
INSERT IGNORE INTO tapu.playerprofileposition (PlayerAccountNumber,SportID,PositionID,SkillLevelID,LookingStatus) VALUES (19,1,2,2,FALSE);
INSERT IGNORE INTO tapu.playerprofileposition (PlayerAccountNumber,SportID,PositionID,SkillLevelID,LookingStatus) VALUES (10,1,8,4,FALSE);
INSERT IGNORE INTO tapu.playerprofileposition (PlayerAccountNumber,SportID,PositionID,SkillLevelID,LookingStatus) VALUES (46,1,6,3,FALSE);
INSERT IGNORE INTO tapu.playerprofileposition (PlayerAccountNumber,SportID,PositionID,SkillLevelID,LookingStatus) VALUES (27,1,7,4,TRUE);
INSERT IGNORE INTO tapu.playerprofileposition (PlayerAccountNumber,SportID,PositionID,SkillLevelID,LookingStatus) VALUES (11,1,10,3,TRUE);
INSERT IGNORE INTO tapu.playerprofileposition (PlayerAccountNumber,SportID,PositionID,SkillLevelID,LookingStatus) VALUES (4,1,11,1,FALSE);
INSERT IGNORE INTO tapu.playerprofileposition (PlayerAccountNumber,SportID,PositionID,SkillLevelID,LookingStatus) VALUES (30,1,3,3,TRUE);
INSERT IGNORE INTO tapu.playerprofileposition (PlayerAccountNumber,SportID,PositionID,SkillLevelID,LookingStatus) VALUES (20,1,2,1,TRUE);
INSERT IGNORE INTO tapu.playerprofileposition (PlayerAccountNumber,SportID,PositionID,SkillLevelID,LookingStatus) VALUES (31,1,2,1,TRUE);
INSERT IGNORE INTO tapu.playerprofileposition (PlayerAccountNumber,SportID,PositionID,SkillLevelID,LookingStatus) VALUES (12,1,8,4,FALSE);
INSERT IGNORE INTO tapu.playerprofileposition (PlayerAccountNumber,SportID,PositionID,SkillLevelID,LookingStatus) VALUES (14,1,4,1,TRUE);
INSERT IGNORE INTO tapu.playerprofileposition (PlayerAccountNumber,SportID,PositionID,SkillLevelID,LookingStatus) VALUES (50,1,2,4,FALSE);
INSERT IGNORE INTO tapu.playerprofileposition (PlayerAccountNumber,SportID,PositionID,SkillLevelID,LookingStatus) VALUES (37,1,10,4,FALSE);
INSERT IGNORE INTO tapu.playerprofileposition (PlayerAccountNumber,SportID,PositionID,SkillLevelID,LookingStatus) VALUES (42,1,2,4,FALSE);
INSERT IGNORE INTO tapu.playerprofileposition (PlayerAccountNumber,SportID,PositionID,SkillLevelID,LookingStatus) VALUES (40,1,6,4,TRUE);
INSERT IGNORE INTO tapu.playerprofileposition (PlayerAccountNumber,SportID,PositionID,SkillLevelID,LookingStatus) VALUES (10,1,2,4,FALSE);
INSERT IGNORE INTO tapu.playerprofileposition (PlayerAccountNumber,SportID,PositionID,SkillLevelID,LookingStatus) VALUES (24,1,11,3,FALSE);
INSERT IGNORE INTO tapu.playerprofileposition (PlayerAccountNumber,SportID,PositionID,SkillLevelID,LookingStatus) VALUES (23,1,6,2,TRUE);
INSERT IGNORE INTO tapu.playerprofileposition (PlayerAccountNumber,SportID,PositionID,SkillLevelID,LookingStatus) VALUES (46,1,4,4,FALSE);
INSERT IGNORE INTO tapu.playerprofileposition (PlayerAccountNumber,SportID,PositionID,SkillLevelID,LookingStatus) VALUES (26,1,6,3,FALSE);
INSERT IGNORE INTO tapu.playerprofileposition (PlayerAccountNumber,SportID,PositionID,SkillLevelID,LookingStatus) VALUES (1,1,10,3,FALSE);
INSERT IGNORE INTO tapu.playerprofileposition (PlayerAccountNumber,SportID,PositionID,SkillLevelID,LookingStatus) VALUES (21,1,5,3,FALSE);
INSERT IGNORE INTO tapu.playerprofileposition (PlayerAccountNumber,SportID,PositionID,SkillLevelID,LookingStatus) VALUES (16,1,8,1,TRUE);
INSERT IGNORE INTO tapu.playerprofileposition (PlayerAccountNumber,SportID,PositionID,SkillLevelID,LookingStatus) VALUES (49,1,6,3,FALSE);
INSERT IGNORE INTO tapu.playerprofileposition (PlayerAccountNumber,SportID,PositionID,SkillLevelID,LookingStatus) VALUES (11,1,5,3,FALSE);
INSERT IGNORE INTO tapu.playerprofileposition (PlayerAccountNumber,SportID,PositionID,SkillLevelID,LookingStatus) VALUES (29,1,10,1,TRUE);
INSERT IGNORE INTO tapu.playerprofileposition (PlayerAccountNumber,SportID,PositionID,SkillLevelID,LookingStatus) VALUES (16,1,10,1,TRUE);
INSERT IGNORE INTO tapu.playerprofileposition (PlayerAccountNumber,SportID,PositionID,SkillLevelID,LookingStatus) VALUES (4,1,4,2,FALSE);
INSERT IGNORE INTO tapu.playerprofileposition (PlayerAccountNumber,SportID,PositionID,SkillLevelID,LookingStatus) VALUES (46,1,2,3,TRUE);
INSERT IGNORE INTO tapu.playerprofileposition (PlayerAccountNumber,SportID,PositionID,SkillLevelID,LookingStatus) VALUES (41,1,8,2,FALSE);
INSERT IGNORE INTO tapu.playerprofileposition (PlayerAccountNumber,SportID,PositionID,SkillLevelID,LookingStatus) VALUES (42,1,6,1,FALSE);
INSERT IGNORE INTO tapu.playerprofileposition (PlayerAccountNumber,SportID,PositionID,SkillLevelID,LookingStatus) VALUES (36,1,2,3,TRUE);
INSERT IGNORE INTO tapu.playerprofileposition (PlayerAccountNumber,SportID,PositionID,SkillLevelID,LookingStatus) VALUES (30,1,2,2,FALSE);
INSERT IGNORE INTO tapu.playerprofileposition (PlayerAccountNumber,SportID,PositionID,SkillLevelID,LookingStatus) VALUES (34,1,8,1,TRUE);
INSERT IGNORE INTO tapu.playerprofileposition (PlayerAccountNumber,SportID,PositionID,SkillLevelID,LookingStatus) VALUES (41,1,8,4,TRUE);
INSERT IGNORE INTO tapu.playerprofileposition (PlayerAccountNumber,SportID,PositionID,SkillLevelID,LookingStatus) VALUES (21,2,13,3,FALSE);
INSERT IGNORE INTO tapu.playerprofileposition (PlayerAccountNumber,SportID,PositionID,SkillLevelID,LookingStatus) VALUES (16,2,13,1,TRUE);
INSERT IGNORE INTO tapu.playerprofileposition (PlayerAccountNumber,SportID,PositionID,SkillLevelID,LookingStatus) VALUES (49,2,14,3,FALSE);
INSERT IGNORE INTO tapu.playerprofileposition (PlayerAccountNumber,SportID,PositionID,SkillLevelID,LookingStatus) VALUES (11,2,15,3,FALSE);
INSERT IGNORE INTO tapu.playerprofileposition (PlayerAccountNumber,SportID,PositionID,SkillLevelID,LookingStatus) VALUES (29,2,16,1,TRUE);
INSERT IGNORE INTO tapu.playerprofileposition (PlayerAccountNumber,SportID,PositionID,SkillLevelID,LookingStatus) VALUES (16,2,13,1,TRUE);
INSERT IGNORE INTO tapu.playerprofileposition (PlayerAccountNumber,SportID,PositionID,SkillLevelID,LookingStatus) VALUES (4,2,13,2,FALSE);
INSERT IGNORE INTO tapu.playerprofileposition (PlayerAccountNumber,SportID,PositionID,SkillLevelID,LookingStatus) VALUES (46,2,14,3,TRUE);
INSERT IGNORE INTO tapu.playerprofileposition (PlayerAccountNumber,SportID,PositionID,SkillLevelID,LookingStatus) VALUES (41,2,15,2,FALSE);
INSERT IGNORE INTO tapu.playerprofileposition (PlayerAccountNumber,SportID,PositionID,SkillLevelID,LookingStatus) VALUES (42,2,16,1,FALSE);
INSERT IGNORE INTO tapu.playerprofileposition (PlayerAccountNumber,SportID,PositionID,SkillLevelID,LookingStatus) VALUES (36,2,16,3,TRUE);
INSERT IGNORE INTO tapu.playerprofileposition (PlayerAccountNumber,SportID,PositionID,SkillLevelID,LookingStatus) VALUES (30,2,13,2,FALSE);
INSERT IGNORE INTO tapu.playerprofileposition (PlayerAccountNumber,SportID,PositionID,SkillLevelID,LookingStatus) VALUES (34,2,14,1,TRUE);
INSERT IGNORE INTO tapu.playerprofileposition (PlayerAccountNumber,SportID,PositionID,SkillLevelID,LookingStatus) VALUES (41,2,15,4,TRUE);

--
-- Table: Tapu.TeamRoster
--
INSERT INTO tapu.teamroster (TeamID, PlayerAccountNumber) VALUES (4, 4);

--
-- Table: Tapu.TeamProfilePosition
--
UPDATE tapu.teamprofileposition SET LookingStatus = TRUE WHERE TeamID IN(1,2,3,5) AND PositionID IN (1,3);
UPDATE tapu.teamprofileposition SET LookingStatus = TRUE WHERE TeamID IN(8,13,21,34) AND PositionID IN (2,5);

--
-- Table: Tapu.RecruitMessage
--
INSERT INTO tapu.recruitmessage (TeamID,PositionID,PlayerAccountNumber,MessageTypeID,MessageStateID,DateSent) VALUES (4,4,5,'TP','U',NOW());
INSERT INTO tapu.recruitmessage (TeamID,PositionID,PlayerAccountNumber,MessageTypeID,MessageStateID,DateSent,DateResponded ) VALUES (5,5,5,'TP','A',NOW(),NOW());
INSERT INTO tapu.recruitmessage (TeamID,PositionID,PlayerAccountNumber,MessageTypeID,MessageStateID,DateSent,DateResponded) VALUES (6,6,5,'TP','D',NOW(),NOW());
INSERT INTO tapu.recruitmessage (TeamID,PositionID,PlayerAccountNumber,MessageTypeID,MessageStateID,DateSent,ResultAcknowledged) VALUES (7,7,5,'TP','A',NOW(),TRUE);
INSERT INTO tapu.recruitmessage (TeamID,PositionID,PlayerAccountNumber,MessageTypeID,MessageStateID,DateSent) VALUES (8,8,5,'TT','U',NOW());
INSERT INTO tapu.recruitmessage (TeamID,PositionID,PlayerAccountNumber,MessageTypeID,MessageStateID,DateSent,DateResponded) VALUES (9,9,5,'TT','A',NOW(),NOW());
INSERT INTO tapu.recruitmessage (TeamID,PositionID,PlayerAccountNumber,MessageTypeID,MessageStateID,DateSent,DateResponded) VALUES (10,10,5,'TT','D',NOW(),NOW());
INSERT INTO tapu.recruitmessage (TeamID,PositionID,PlayerAccountNumber,MessageTypeID,MessageStateID,DateSent,DateResponded,ResultAcknowledged) VALUES (11,11,5,'TT','D',NOW(),NOW(),TRUE);

INSERT INTO tapu.recruitmessage (TeamID,PositionID,PlayerAccountNumber,MessageTypeID,MessageStateID,DateSent) VALUES (7,4,1,'TT','U',NOW());
INSERT INTO tapu.recruitmessage (TeamID,PositionID,PlayerAccountNumber,MessageTypeID,MessageStateID,DateSent,DateResponded ) VALUES (7,5,2,'TT','A',NOW(),NOW());
INSERT INTO tapu.recruitmessage (TeamID,PositionID,PlayerAccountNumber,MessageTypeID,MessageStateID,DateSent,DateResponded) VALUES (7,6,3,'TT','D',NOW(),NOW());
INSERT INTO tapu.recruitmessage (TeamID,PositionID,PlayerAccountNumber,MessageTypeID,MessageStateID,DateSent,ResultAcknowledged) VALUES (7,7,4,'TT','A',NOW(),TRUE);
INSERT INTO tapu.recruitmessage (TeamID,PositionID,PlayerAccountNumber,MessageTypeID,MessageStateID,DateSent) VALUES (7,8,5,'TP','U',NOW());
INSERT INTO tapu.recruitmessage (TeamID,PositionID,PlayerAccountNumber,MessageTypeID,MessageStateID,DateSent,DateResponded) VALUES (7,9,6,'TP','A',NOW(),NOW());
INSERT INTO tapu.recruitmessage (TeamID,PositionID,PlayerAccountNumber,MessageTypeID,MessageStateID,DateSent,DateResponded) VALUES (7,10,7,'TP','D',NOW(),NOW());
INSERT INTO tapu.recruitmessage (TeamID,PositionID,PlayerAccountNumber,MessageTypeID,MessageStateID,DateSent,DateResponded,ResultAcknowledged) VALUES (7,11,8,'TP','D',NOW(),NOW(),TRUE);